time,temperature_2m (°C),relative_humidity_2m (%),precipitation (mm),cloud_cover (%),cloud_cover_low (%),cloud_cover_mid (%),cloud_cover_high (%),wind_speed_10m (km/h)
2026-05-08T00:00,25.6,92,0.1,95,21,41,91,5.9
2026-05-08T01:00,25.4,95,0.5,100,85,49,98,6.5
2026-05-08T02:00,26.2,87,0.2,99,63,39,98,7.7
2026-05-08T03:00,27.2,78,0,100,0,21,100,6.1
2026-05-08T04:00,29.5,68,0,100,57,24,100,9
2026-05-08T05:00,30.8,64,0,99,96,3,81,10.9
2026-05-08T06:00,30.4,72,0.1,100,74,23,100,17.3
2026-05-08T07:00,31,68,0.2,98,16,13,97,16.6
2026-05-08T08:00,31.4,65,0.1,97,13,9,96,16
2026-05-08T09:00,31.6,62,0,100,9,7,100,13.8
2026-05-08T10:00,31.4,62,0,100,16,5,100,13.7
2026-05-08T11:00,30.3,67,0,100,23,6,100,14.1
2026-05-08T12:00,29,72,0,100,7,3,100,13.6
2026-05-08T13:00,28.5,73,0,98,17,8,98,13.1
2026-05-08T14:00,28.4,74,0,100,24,8,100,11
2026-05-08T15:00,28.4,74,0,99,21,7,99,8.4
2026-05-08T16:00,28.4,74,0,90,28,1,85,6.5
2026-05-08T17:00,28.4,75,0,100,20,5,100,4.5
2026-05-08T18:00,28.1,78,0,71,9,1,68,4.8
2026-05-08T19:00,28,79,0,100,13,1,100,5.1
2026-05-08T20:00,27.8,81,0,85,7,4,83,3.1
2026-05-08T21:00,27.3,83,0,80,14,12,75,2.8
2026-05-08T22:00,27.1,85,0,98,29,8,98,2.3
2026-05-08T23:00,26.4,88,0.4,99,37,47,98,1.2
2026-05-09T00:00,25.1,94,0.2,100,10,28,100,3.2
2026-05-09T01:00,26.1,89,0.1,63,32,40,14,6.1
2026-05-09T02:00,27.6,80,0,100,47,12,100,8.7
2026-05-09T03:00,28.5,76,0,100,96,22,100,9.9
2026-05-09T04:00,29.5,72,0.1,48,29,9,26,11.2
2026-05-09T05:00,30.8,68,0.1,84,16,11,80,11.5
2026-05-09T06:00,25.6,92,0,100,23,79,100,11.1
2026-05-09T07:00,27.9,82,1.2,100,26,100,100,9.2
2026-05-09T08:00,28.1,80,0.4,98,30,29,98,11.7
2026-05-09T09:00,29.6,73,0.2,98,28,28,97,11.2
2026-05-09T10:00,28.4,77,0.1,66,30,19,48,11
2026-05-09T11:00,28.5,77,0.1,100,17,84,100,10
2026-05-09T12:00,28,82,0.4,100,13,89,100,9.4
2026-05-09T13:00,27.5,86,0,100,22,33,100,6.3
2026-05-09T14:00,27.5,87,0,100,20,11,100,6
2026-05-09T15:00,27.5,87,0,100,23,15,100,6.7
2026-05-09T16:00,27.2,88,0,100,24,44,100,4.9
2026-05-09T17:00,25.2,96,1.9,100,95,100,100,5.2
2026-05-09T18:00,26.6,93,1.5,100,9,100,100,4.3
2026-05-09T19:00,26.6,93,0,100,30,98,100,5.3
2026-05-09T20:00,26.2,93,0,100,15,93,100,7.7
2026-05-09T21:00,26.1,92,0,100,17,97,100,3.1
2026-05-09T22:00,26.4,92,0,100,27,99,100,1.8
2026-05-09T23:00,26,94,0.1,99,24,96,72,4.9
2026-05-10T00:00,26.2,94,0.6,99,9,20,99,8.7
2026-05-10T01:00,26.4,92,0,100,9,20,100,8.8
2026-05-10T02:00,27.4,87,0,100,5,15,100,9.1
2026-05-10T03:00,29,79,0,100,38,5,100,13.6
2026-05-10T04:00,30.7,70,0,100,26,6,100,13.2
2026-05-10T05:00,31.7,66,0,100,9,18,99,12
2026-05-10T06:00,31.8,63,0,12,9,3,1,14.5
2026-05-10T07:00,31.5,64,0,20,14,9,0,14.5
2026-05-10T08:00,31.5,63,0.1,25,14,14,0,14
2026-05-10T09:00,31.2,64,0.1,21,18,8,0,14.9
2026-05-10T10:00,30.9,65,0,9,8,5,0,14.2
2026-05-10T11:00,30.4,67,0,2,2,2,0,12.3
2026-05-10T12:00,29.8,70,0,16,0,9,7,10.5
2026-05-10T13:00,28.9,76,0,64,0,3,63,7.2
2026-05-10T14:00,28.4,79,0,98,0,2,98,6.1
2026-05-10T15:00,28.1,80,0,97,1,2,96,5.3
2026-05-10T16:00,28,81,0,98,6,1,98,5.3
2026-05-10T17:00,27.7,82,0,99,4,0,99,4.7
2026-05-10T18:00,27.8,83,0,100,2,4,100,2.9
2026-05-10T19:00,27.8,83,0,98,2,3,98,1.6
2026-05-10T20:00,27.1,86,0,98,6,1,98,1.5
2026-05-10T21:00,26.6,89,0,98,6,0,98,2.4
2026-05-10T22:00,26.4,91,0,98,6,0,98,4.1
2026-05-10T23:00,26,94,0,100,8,1,100,5
2026-05-11T00:00,26,95,0,100,11,6,100,4.4
2026-05-11T01:00,26.8,92,0,100,7,14,100,4.1
2026-05-11T02:00,28.5,84,0,100,2,9,100,4.2
2026-05-11T03:00,30,73,0.1,100,14,5,100,5.4
2026-05-11T04:00,31.2,66,0.2,100,11,8,100,6.4
2026-05-11T05:00,32.3,60,0.1,100,17,7,100,8.4
2026-05-11T06:00,32.4,59,0,100,6,6,100,8.1
2026-05-11T07:00,33.2,56,0,99,11,10,98,11.9
2026-05-11T08:00,32.7,59,0,99,9,5,99,13
2026-05-11T09:00,32.6,60,0,96,9,1,96,12.5
2026-05-11T10:00,32,63,0,88,8,1,87,13.6
2026-05-11T11:00,31,66,0,16,7,0,9,14.1
2026-05-11T12:00,30.8,66,0,2,2,0,0,12.5
2026-05-11T13:00,29.6,72,0,91,1,0,91,11.8
2026-05-11T14:00,29.4,74,0,42,2,0,41,11
2026-05-11T15:00,29.2,75,0,99,5,1,99,9.4
2026-05-11T16:00,29.1,76,0,95,6,3,95,8.5
2026-05-11T17:00,29,77,0,86,19,0,83,8.1
2026-05-11T18:00,28.6,79,0,96,16,0,95,6.6
2026-05-11T19:00,28.5,80,0,98,16,0,98,5.3
2026-05-11T20:00,28.1,82,0,100,16,0,100,3.9
2026-05-11T21:00,27.5,85,0,100,20,0,99,2.8
2026-05-11T22:00,27.3,86,0,100,15,0,100,2.5
2026-05-11T23:00,26.9,88,0,100,13,0,100,2.2
2026-05-12T00:00,26.8,92,0,100,27,2,100,5.9
2026-05-12T01:00,27.1,91,0,58,29,0,41,6
2026-05-12T02:00,28.9,81,0,35,32,0,5,7.1
2026-05-12T03:00,30.9,69,0,16,14,0,1,6.9
2026-05-12T04:00,32.5,59,0,13,13,3,0,9.1
2026-05-12T05:00,33.7,54,0,18,14,7,0,11.7
2026-05-12T06:00,34.7,49,0,29,20,7,6,12.7
2026-05-12T07:00,34.5,49,0.1,34,20,13,5,15.1
2026-05-12T08:00,34.2,50,0.4,41,23,19,21,16.5
2026-05-12T09:00,33.2,54,0.8,46,28,9,23,15.9
2026-05-12T10:00,32.8,57,0.4,76,25,15,64,14.9
2026-05-12T11:00,32,61,0.2,90,24,10,86,13.7
2026-05-12T12:00,31.7,61,0.1,92,5,2,91,12.3
2026-05-12T13:00,30.8,65,0,30,1,0,29,11.2
2026-05-12T14:00,30.3,69,0,5,1,0,3,10
2026-05-12T15:00,30.1,70,0,21,2,0,19,8.5
2026-05-12T16:00,30,71,0,27,2,0,25,6.9
2026-05-12T17:00,29.8,72,0,28,2,0,27,5.3
2026-05-12T18:00,29.6,73,0,80,2,0,80,4.2
2026-05-12T19:00,29,76,0,90,3,0,90,4.5
2026-05-12T20:00,28.9,77,0,97,2,0,96,4.5
2026-05-12T21:00,28.5,79,0,98,2,0,98,5
2026-05-12T22:00,28,83,0,97,0,0,97,4.7
2026-05-12T23:00,27.5,86,0,2,2,0,2,4.4
2026-05-13T00:00,27,89,0,27,9,0,20,4.6
2026-05-13T01:00,27.3,88,0,88,3,0,87,6.8
2026-05-13T02:00,29,78,0,90,3,0,90,8.1
2026-05-13T03:00,31.1,66,0,84,19,0,81,8.5
2026-05-13T04:00,33,58,0,52,20,24,22,6.8
2026-05-13T05:00,34,52,0.3,59,19,27,30,6.5
2026-05-13T06:00,35.3,46,0.3,95,11,22,91,6.9
2026-05-13T07:00,35.8,43,0.2,96,8,30,94,9.2
2026-05-13T08:00,35.4,45,0.2,98,5,9,98,13.2
2026-05-13T09:00,35.2,48,0,100,0,1,100,12.8
2026-05-13T10:00,34.3,51,0,99,0,0,99,13.7
2026-05-13T11:00,32.5,59,0,89,0,0,89,15.3
2026-05-13T12:00,31.2,66,0,63,0,0,63,13.2
2026-05-13T13:00,30.2,72,0,44,0,0,44,11.9
2026-05-13T14:00,30,74,0,7,0,0,7,8.6
2026-05-13T15:00,29.6,76,0,35,0,0,35,8.1
2026-05-13T16:00,29.4,78,0,52,1,0,52,6.8
2026-05-13T17:00,29.1,79,0,55,5,0,53,5
2026-05-13T18:00,29,80,0,71,14,0,66,3.3
2026-05-13T19:00,28.6,84,0,45,15,0,36,0.6
2026-05-13T20:00,27.9,86,0,70,35,0,54,2.6
2026-05-13T21:00,27.2,90,0,100,96,0,98,5.6
2026-05-13T22:00,26.9,92,0,100,55,0,100,7
2026-05-13T23:00,26.7,93,0,95,5,0,95,6.2
2026-05-14T00:00,26.4,95,0,80,38,0,69,6
2026-05-14T01:00,26.9,92,0,98,88,0,77,4
2026-05-14T02:00,28.6,81,0,95,13,0,95,3.3
2026-05-14T03:00,30.2,71,0,99,1,0,99,3.2
2026-05-14T04:00,32.5,59,0,78,1,0,77,2.7
2026-05-14T05:00,34.4,51,0,79,0,0,79,2.8
2026-05-14T06:00,36.3,43,0,91,0,10,90,1.9
2026-05-14T07:00,36.7,42,0,100,2,8,100,5.6
2026-05-14T08:00,35.7,47,0.1,98,1,13,98,12.3
2026-05-14T09:00,34.2,55,0.1,93,1,0,93,13.9
2026-05-14T10:00,34.1,54,0,98,0,0,98,12.1
2026-05-14T11:00,33.2,57,0,99,0,0,99,11.6
2026-05-14T12:00,32,61,0,100,0,0,100,11.1
2026-05-14T13:00,30.8,67,0,100,0,0,100,8.8
2026-05-14T14:00,30.4,72,0,98,0,0,98,7.9
2026-05-14T15:00,30.1,73,0,42,0,0,42,8.1
2026-05-14T16:00,29.7,75,0,41,0,0,41,8.4
2026-05-14T17:00,29.3,78,0,23,0,0,23,6.7
2026-05-14T18:00,28.9,80,0,27,0,0,27,6.7
2026-05-14T19:00,28.6,81,0,37,0,0,37,7.2
2026-05-14T20:00,28.4,82,0,64,0,0,64,6
2026-05-14T21:00,27.9,84,0,71,0,0,71,5.5
2026-05-14T22:00,27.5,86,0,28,0,0,28,5.9
2026-05-14T23:00,27.2,88,0,30,0,0,30,6
2026-05-15T00:00,27,89,0,94,0,0,94,5.4
2026-05-15T01:00,27.5,87,0,99,0,0,99,2.7
2026-05-15T02:00,29.4,80,0,98,0,0,98,1.6
2026-05-15T03:00,31.6,70,0,97,0,0,97,3.3
2026-05-15T04:00,33.8,60,0,98,0,0,98,4.6
2026-05-15T05:00,35.8,49,0,100,3,5,100,5.2
2026-05-15T06:00,37.5,40,0,100,0,0,100,3.1
2026-05-15T07:00,37.7,39,0,100,0,1,100,1.2
2026-05-15T08:00,36.8,47,0,100,0,5,100,7.6
2026-05-15T09:00,35,64,0,99,0,16,99,14.5
2026-05-15T10:00,33.3,65,0,100,0,0,100,13.5
2026-05-15T11:00,32.8,67,0,100,0,0,100,10.3
2026-05-15T12:00,31.8,72,0,100,0,0,100,11.1
2026-05-15T13:00,31.1,75,0,100,0,0,100,10.7
2026-05-15T14:00,30.7,79,0,100,0,0,100,10
2026-05-15T15:00,30.5,81,0,99,0,0,99,10.4
2026-05-15T16:00,30.1,84,0,97,0,0,97,9.4
2026-05-15T17:00,29.9,84,0,84,0,0,84,8.6
2026-05-15T18:00,29.6,86,0,97,0,0,97,7.2
2026-05-15T19:00,29.4,86,0,97,0,0,97,5.8
2026-05-15T20:00,29,87,0,99,0,0,99,5.6
2026-05-15T21:00,28.6,89,0,100,2,0,100,5.2
2026-05-15T22:00,28.5,91,0,92,0,0,92,5.7
2026-05-15T23:00,28.2,92,0,99,0,0,99,2.8
2026-05-16T00:00,28.3,91,0,94,0,0,94,2
2026-05-16T01:00,28.6,89,0,96,0,0,96,2.7
2026-05-16T02:00,30.1,80,0,89,0,0,89,0.7
2026-05-16T03:00,31.9,71,0,98,0,0,98,2.5
2026-05-16T04:00,34,61,0,100,0,0,100,1.6
2026-05-16T05:00,35.6,52,0,100,5,9,100,4.7
2026-05-16T06:00,36.4,49,0,100,3,7,100,6.8
2026-05-16T07:00,36.5,53,0,100,5,5,100,9.7
2026-05-16T08:00,35.7,58,0,99,6,1,99,13
2026-05-16T09:00,35.6,56,0,100,0,0,100,11.7
2026-05-16T10:00,34.9,56,0,100,0,0,100,11.5
2026-05-16T11:00,34,57,0,100,0,0,100,13
2026-05-16T12:00,32.4,64,0,98,0,0,98,13.6
2026-05-16T13:00,31.6,68,0,96,0,0,96,12.1
2026-05-16T14:00,31,73,0,94,0,0,94,10.1
2026-05-16T15:00,30.5,77,0,91,0,0,91,9.1
2026-05-16T16:00,30,82,0,87,0,0,87,9
2026-05-16T17:00,29.6,86,0,82,0,0,82,9
2026-05-16T18:00,29.4,89,0,80,0,0,80,8.8
2026-05-16T19:00,29.1,90,0,85,0,0,85,8.7
2026-05-16T20:00,28.9,90,0,93,0,0,93,9.2
2026-05-16T21:00,28.6,90,0,99,0,0,99,9.7
2026-05-16T22:00,28.2,90,0,100,0,0,100,8.9
2026-05-16T23:00,27.9,89,0,100,0,0,100,7.7
2026-05-17T00:00,27.9,87,0,99,0,0,99,7.3
2026-05-17T01:00,28.5,83,0,99,0,0,99,8.4
2026-05-17T02:00,29.5,78,0,100,0,0,100,10.2
2026-05-17T03:00,30.8,72,0,100,0,0,100,11.4
2026-05-17T04:00,32.8,62,0,99,0,0,99,10.9
2026-05-17T05:00,35.2,53,0,97,0,0,97,10
2026-05-17T06:00,36.8,47,0,96,0,0,96,9.3
2026-05-17T07:00,37.5,47,0,97,1,2,97,9.5
2026-05-17T08:00,37.7,49,0,100,2,4,100,11.5
2026-05-17T09:00,37.2,52,0,100,2,5,100,13.8
2026-05-17T10:00,36.3,56,0,96,2,3,96,14.9
2026-05-17T11:00,34.8,61,0,90,1,0,90,15.3
2026-05-17T12:00,33.5,66,0,85,0,0,85,15.3
2026-05-17T13:00,32.5,71,0,84,0,5,84,14.4
2026-05-17T14:00,31.6,76,0,84,0,12,83,12.9
2026-05-17T15:00,30.9,80,0,79,0,16,78,11.9
2026-05-17T16:00,30.5,82,0,64,0,12,63,11.7
2026-05-17T17:00,30.5,83,0,44,0,5,44,12
2026-05-17T18:00,30.2,83,0,29,0,0,29,12.4
2026-05-17T19:00,29.9,82,0,24,0,0,24,12.5
2026-05-17T20:00,29.4,81,0,25,0,0,25,12.6
2026-05-17T21:00,29,80,0,23,0,0,23,12.6
2026-05-17T22:00,28.5,81,0,16,0,0,16,12.4
2026-05-17T23:00,28,83,0,6,0,0,6,12
2026-05-18T00:00,28.1,83,0,0,0,0,0,11.6
2026-05-18T01:00,29,78,0,0,0,0,0,11.6
2026-05-18T02:00,30.5,72,0,1,0,0,1,11.9
2026-05-18T03:00,32.2,65,0,3,0,0,3,12.1
2026-05-18T04:00,34.2,56,0,2,0,0,2,12.3
2026-05-18T05:00,36.4,47,0,1,0,0,1,12.2
2026-05-18T06:00,38.1,42,0,0,0,0,0,12.1
2026-05-18T07:00,39,39,0,0,0,0,0,11.6
2026-05-18T08:00,39.5,39,0,1,1,1,0,11.6
2026-05-18T09:00,39.2,40,0,2,1,1,0,12.8
2026-05-18T10:00,37.9,45,0,2,1,1,0,15.2
2026-05-18T11:00,36,53,0,1,0,0,0,17.8
2026-05-18T12:00,34.2,61,0,0,0,0,0,18.9
2026-05-18T13:00,33.1,67,0,0,0,0,0,17.4
2026-05-18T14:00,32.2,72,0,1,0,1,0,14.6
2026-05-18T15:00,31.6,75,0,1,0,1,0,12.6
2026-05-18T16:00,31.2,76,0,1,0,1,0,12.3
2026-05-18T17:00,31,74,0,0,0,0,0,12.9
2026-05-18T18:00,31,73,0,0,0,0,0,13.8
2026-05-18T19:00,30.2,78,0,0,0,0,0,13.9
2026-05-18T20:00,29.5,81,0,0,0,0,0,13.3
2026-05-18T21:00,28.9,82,0,0,0,0,0,12.7
2026-05-18T22:00,28.4,83,0,0,0,0,0,12.2
2026-05-18T23:00,28.1,82,0,0,0,0,0,11.4
2026-05-19T00:00,28.5,79,0,0,0,0,0,10.9
2026-05-19T01:00,29.6,72,0,0,0,0,0,10.4
2026-05-19T02:00,31.4,63,0,0,0,0,0,10.1
2026-05-19T03:00,33.5,53,0,0,0,0,0,10.2
2026-05-19T04:00,35.6,46,0,0,0,0,0,10.8
2026-05-19T05:00,37.3,41,0,0,0,0,0,11.2
2026-05-19T06:00,38.4,38,0,0,0,0,0,11.2
2026-05-19T07:00,38.7,39,0,1,0,0,1,10.5
2026-05-19T08:00,38.4,41,0,1,0,1,1,10.4
2026-05-19T09:00,37.8,45,0,2,0,2,2,11.6
2026-05-19T10:00,36.9,49,0,3,0,2,3,14
2026-05-19T11:00,36,54,0,4,0,3,4,16.4
2026-05-19T12:00,35.3,57,0,5,0,3,5,17.5
2026-05-19T13:00,34.7,58,0.1,5,0,3,5,16.6
2026-05-19T14:00,33.9,59,0.1,4,0,1,4,14.4
2026-05-19T15:00,33.1,59,0.1,2,0,0,3,11.6
2026-05-19T16:00,32.3,58,0.1,2,0,0,3,9.3
2026-05-19T17:00,31.6,58,0.1,3,0,0,4,8.3
2026-05-19T18:00,31,58,0.1,7,0,0,7,8.3
2026-05-19T19:00,30.2,60,0,16,0,3,14,8.5
2026-05-19T20:00,29.4,64,0,28,0,9,24,8.8
2026-05-19T21:00,28.6,68,0,43,0,15,36,9.3
2026-05-19T22:00,28,72,0,57,0,21,47,10
2026-05-19T23:00,27.8,74,0,66,0,25,55,10.7
2026-05-20T00:00,28.1,73,0,70,0,27,58,11.1
2026-05-20T01:00,29.1,69,0,65,0,25,54,11
2026-05-20T02:00,31,62,0,53,0,20,43,11
2026-05-20T03:00,33,55,0,37,0,14,30,11.4
2026-05-20T04:00,35.2,48,0,20,0,8,17,11.9
2026-05-20T05:00,37,43,0,7,0,2,6,12.7
2026-05-20T06:00,38.3,41,0,0,0,0,0,13
2026-05-20T07:00,38.9,40,0,1,0,1,1,12.7
2026-05-20T08:00,39,40,0,6,0,4,7,12.6
2026-05-20T09:00,39,41,0,15,0,9,15,12.9
2026-05-20T10:00,38.6,42,0,25,0,14,24,13.8
2026-05-20T11:00,38.2,43,0,32,0,17,30,14.9
2026-05-20T12:00,37.7,45,0,35,0,19,33,15.7
2026-05-20T13:00,37.1,46,0,33,0,18,31,15.7
2026-05-20T14:00,36.3,48,0,27,0,15,26,15.1
2026-05-20T15:00,35.4,50,0,20,0,11,19,14.3
2026-05-20T16:00,34.5,52,0,12,0,6,11,13.3
2026-05-20T17:00,33.5,54,0,5,0,3,4,12.5
2026-05-20T18:00,32.8,56,0,0,0,0,0,11.9
2026-05-20T19:00,31.9,59,0,0,0,0,0,11.3
2026-05-20T20:00,30.9,61,0,0,0,0,0,10.8
2026-05-20T21:00,30,64,0,0,0,0,0,10.5
2026-05-20T22:00,29.2,66,0,0,0,0,0,10.1
2026-05-20T23:00,28.9,67,0,0,0,0,0,10.1
2026-05-21T00:00,29,65,0,0,0,0,0,10.2
2026-05-21T01:00,30,62,0,0,0,0,0,10.9
2026-05-21T02:00,31.6,56,0,0,0,0,0,12.2
2026-05-21T03:00,33.7,50,0,0,0,0,0,13.7
2026-05-21T04:00,35.8,45,0,0,0,0,0,15.2
2026-05-21T05:00,37.6,41,0,0,0,0,0,16.1
2026-05-21T06:00,38.9,37,0,0,0,0,0,16.2
2026-05-21T07:00,39.7,35,0,2,0,2,0,15.2
2026-05-21T08:00,40.2,32,0,5,0,5,1,13.3
2026-05-21T09:00,40.5,30,0,8,0,8,1,11
2026-05-21T10:00,40.5,29,0,12,0,11,2,9.2
2026-05-21T11:00,40.3,28,0,14,0,13,2,8
2026-05-21T12:00,39.9,28,0,15,0,14,2,7.7
2026-05-21T13:00,39,30,0,14,0,13,2,7.7
2026-05-21T14:00,37.8,33,0,12,0,11,2,7.9
2026-05-21T15:00,36.3,38,0,8,0,8,1,8.1
2026-05-21T16:00,34.8,43,0,5,0,5,1,8.3
2026-05-21T17:00,33.3,49,0,2,0,2,0,8.7
2026-05-21T18:00,32.2,54,0,0,0,0,0,8.9
2026-05-21T19:00,31.4,57,0,0,0,0,0,9.2
2026-05-21T20:00,30.5,61,0,0,0,0,0,9.3
2026-05-21T21:00,29.9,63,0,0,0,0,0,9.7
2026-05-21T22:00,29.4,65,0,0,0,0,0,10
2026-05-21T23:00,29.3,65,0,0,0,0,0,10.2
2026-05-22T00:00,29.6,64,0,0,0,0,0,10.4
2026-05-22T01:00,30.7,60,0,0,0,0,0,10.8
2026-05-22T02:00,32.4,54,0,0,0,0,0,11.4
2026-05-22T03:00,34.5,48,0,0,0,0,0,12.3
2026-05-22T04:00,36.5,42,0,0,0,0,0,13.2
2026-05-22T05:00,38.2,39,0,0,0,0,0,13.7
2026-05-22T06:00,39.3,36,0,0,0,0,0,13.7
2026-05-22T07:00,39.8,36,0.1,1,0,0,1,12.9
2026-05-22T08:00,39.8,37,0.1,2,0,1,1,11.6
2026-05-22T09:00,39.5,38,0.1,4,0,1,2,10.6
2026-05-22T10:00,38.9,40,0.1,5,0,2,3,10.5
2026-05-22T11:00,38.2,42,0.1,6,0,2,4,11.1
2026-05-22T12:00,37.6,45,0.1,7,0,3,4,11.8
2026-05-22T13:00,36.8,47,0,7,0,4,4,12.2
2026-05-22T14:00,35.8,51,0,7,0,4,3,12.2
2026-05-22T15:00,34.7,55,0,7,0,5,2,12.2
2026-05-22T16:00,33.5,59,0,7,0,6,1,11.9
2026-05-22T17:00,32.5,63,0,7,0,6,1,11.7
2026-05-22T18:00,31.7,65,0,7,0,7,0,11.3
2026-05-22T19:00,31,67,0,8,0,8,0,10.9
2026-05-22T20:00,30.2,69,0,9,0,9,0,10.2
2026-05-22T21:00,29.5,70,0,10,0,10,0,9.7
2026-05-22T22:00,29.1,69,0,11,0,11,0,9.4
2026-05-22T23:00,29,68,0,12,0,12,0,9.2
2026-05-23T00:00,29.5,65,0,12,0,12,0,9.3
2026-05-23T01:00,30.6,60,0,11,0,11,0,9.8
2026-05-23T02:00,32.4,53,0,9,0,9,0,10.6
2026-05-23T03:00,34.5,46,0,7,0,7,0,11.7
2026-05-23T04:00,36.7,41,0,5,0,5,0,12.8
2026-05-23T05:00,38.6,36,0,2,0,2,0,13.5
2026-05-23T06:00,39.8,33,0,1,0,1,0,13.7
2026-05-23T07:00,40.5,31,0,0,0,0,0,13.1
2026-05-23T08:00,40.8,29,0,0,0,0,0,11.9
2026-05-23T09:00,40.7,28,0,0,0,0,0,10.6
2026-05-23T10:00,40.5,27,0,0,0,0,0,9.5
2026-05-23T11:00,40,27,0,0,0,0,0,9
2026-05-23T12:00,39.4,28,0,0,0,0,0,8.9
2026-05-23T13:00,38.6,30,0,0,0,0,0,8.9
2026-05-23T14:00,37.5,34,0,0,0,0,0,9.2
2026-05-23T15:00,36.1,39,0,0,0,0,0,9.3
2026-05-23T16:00,34.8,44,0,0,0,0,0,9.4
2026-05-23T17:00,33.5,50,0,1,0,1,0,9.6
2026-05-23T18:00,32.5,55,0,1,0,1,0,9.9
2026-05-23T19:00,31.6,59,0,2,0,2,0,10.1
2026-05-23T20:00,30.7,63,0,2,0,2,0,10.2
2026-05-23T21:00,29.9,66,0,3,0,3,0,10.5
2026-05-23T22:00,29.4,67,0,4,0,4,0,10.6
2026-05-23T23:00,29.1,68,0,4,0,4,0,10.9
2026-05-24T00:00,29.4,66,0,5,0,5,0,10.8
2026-05-24T01:00,30.5,62,0,6,0,6,0,11
2026-05-24T02:00,32.2,55,0,6,0,6,0,11.4
2026-05-24T03:00,34.2,48,0,6,0,6,0,12.2
2026-05-24T04:00,36.3,42,0,7,0,7,0,13.5
2026-05-24T05:00,38.2,38,0,7,0,7,0,14.5
2026-05-24T06:00,39.3,35,0,8,0,8,0,14.7
2026-05-24T07:00,39.8,33,0.4,9,0,9,0,14.2
2026-05-24T08:00,39.8,33,0.4,11,0,11,0,13
2026-05-24T09:00,39.5,33,0.4,13,0,13,1,11.4
2026-05-24T10:00,39,33,0.4,15,0,15,1,10.1
2026-05-24T11:00,38.4,35,0.4,16,0,16,1,9.1
2026-05-24T12:00,37.7,36,0.4,16,0,16,1,8.9
2026-05-24T13:00,36.8,39,0,15,0,15,1,8.8
2026-05-24T14:00,35.8,44,0,12,0,12,1,8.9
2026-05-24T15:00,34.5,50,0,9,0,9,1,9.1
2026-05-24T16:00,33.2,57,0,6,0,6,0,9.3
2026-05-24T17:00,32,63,0,3,0,3,0,9.3
2026-05-24T18:00,31.1,68,0,1,0,1,0,9.1
2026-05-24T19:00,30.2,71,0,0,0,0,0,8.4
2026-05-24T20:00,29.4,73,0,0,0,0,0,7.3
2026-05-24T21:00,28.5,74,0,0,0,0,0,6.2
2026-05-24T22:00,28,73,0,0,0,0,0,5.3
2026-05-24T23:00,27.9,71,0,0,0,0,0,5.1
2026-05-25T00:00,28.2,68,0,0,0,0,0,5.5
2026-05-25T01:00,29.4,63,0,0,0,0,0,6.7
2026-05-25T02:00,31.3,55,0,0,0,0,0,8.5
2026-05-25T03:00,33.6,48,0,0,0,0,0,10.7
2026-05-25T04:00,36,42,0,0,0,0,0,12.5
2026-05-25T05:00,37.9,38,0,0,0,0,0,13.7
2026-05-25T06:00,39.2,36,0,0,0,0,0,13.9
2026-05-25T07:00,39.7,35,0,4,0,2,4,12.8
2026-05-25T08:00,39.7,36,0,11,0,4,9,11.3
2026-05-25T09:00,39.3,38,0,19,0,7,15,10.6
2026-05-25T10:00,38.8,40,0,26,0,9,21,11.1
2026-05-25T11:00,38,43,0,31,0,11,25,12.7
2026-05-25T12:00,37.3,46,0,33,0,12,27,14.1
2026-05-25T13:00,36.5,49,0,31,0,11,25,14.6
2026-05-25T14:00,35.4,53,0,26,0,9,21,14.4
2026-05-25T15:00,34.2,58,0,19,0,7,15,13.7
2026-05-25T16:00,33,64,0,11,0,4,9,12.9
2026-05-25T17:00,31.8,69,0,5,0,2,4,12.2
2026-05-25T18:00,30.9,73,0,1,0,1,0,11.8
2026-05-25T19:00,30.1,76,0,0,0,1,0,11.8
2026-05-25T20:00,29.2,80,0,0,0,2,0,12
2026-05-25T21:00,28.5,83,0,1,0,3,0,12.2
2026-05-25T22:00,28,85,0,3,0,4,0,12.4
2026-05-25T23:00,27.9,84,0,4,0,5,0,12.5
2026-05-26T00:00,28.2,80,0,5,0,5,0,12.2
2026-05-26T01:00,29.5,73,0,4,0,5,0,11.8
2026-05-26T02:00,31.5,62,0,3,0,3,0,11.3
2026-05-26T03:00,33.8,52,0,2,0,2,0,11.2
2026-05-26T04:00,36.2,44,0,1,0,1,0,11.4
2026-05-26T05:00,38.2,38,0,0,0,0,0,11.6
2026-05-26T06:00,39.5,35,0,0,0,0,0,11.4
2026-05-26T07:00,40,34,0,1,0,1,0,10.1
2026-05-26T08:00,40,34,0,4,0,3,1,8.5
2026-05-26T09:00,39.7,35,0,6,0,6,1,7.8
2026-05-26T10:00,39,37,0,9,0,8,2,9
2026-05-26T11:00,38.3,39,0,11,0,10,2,11
2026-05-26T12:00,37.6,42,0,12,0,11,2,12.5
2026-05-26T13:00,36.8,45,0,11,0,10,2,13
2026-05-26T14:00,35.7,50,0,10,0,9,2,13
2026-05-26T15:00,34.4,55,0,7,0,7,1,12.7
2026-05-26T16:00,33.2,62,0,5,0,4,1,12.6
2026-05-26T17:00,32,68,0,3,0,2,0,12.8
2026-05-26T18:00,31.1,72,0,1,0,1,0,12.8
2026-05-26T19:00,30.3,75,0,0,0,0,0,12.7
2026-05-26T20:00,29.5,77,0,0,0,0,0,12.2
2026-05-26T21:00,28.7,78,0,0,0,0,0,11.7
2026-05-26T22:00,28.2,77,0,0,0,0,0,11
2026-05-26T23:00,28.1,75,0,0,0,0,0,10.3
2026-05-27T00:00,28.5,71,0,0,0,0,0,9.8
2026-05-27T01:00,29.8,64,0,0,0,0,0,9.4
2026-05-27T02:00,31.8,55,0,0,0,0,0,10
2026-05-27T03:00,34.2,47,0,0,0,0,0,11.3
2026-05-27T04:00,36.6,40,0,0,0,0,0,12.8
2026-05-27T05:00,38.5,36,0,0,0,0,0,14
2026-05-27T06:00,39.7,33,0,0,0,0,0,14
2026-05-27T07:00,39.9,34,0,0,0,0,0,12.5
2026-05-27T08:00,39.5,36,0,1,0,1,0,10.3
2026-05-27T09:00,38.5,40,0,2,0,2,0,9.3
2026-05-27T10:00,37.1,43,0,27,4,4,25,12.8
2026-05-27T11:00,36.2,43,0,52,22,5,50,12.9
2026-05-27T12:00,35.5,43,0,76,44,5,75,9.4
2026-05-27T13:00,34.3,43,0,100,58,4,100,7.9
2026-05-27T14:00,33.1,48,0,100,49,3,100,13.4
2026-05-27T15:00,32.1,52,0,100,39,7,100,17.1
2026-05-27T16:00,31.3,55,0,100,29,20,100,16
2026-05-27T17:00,30.6,57,0,100,18,39,100,13
2026-05-27T18:00,30.3,58,0,100,12,56,100,10.9
2026-05-27T19:00,30.4,58,0,100,12,74,96,12.6
2026-05-27T20:00,30.8,57,0,100,17,90,91,17.5
2026-05-27T21:00,31,56,0,100,28,96,89,21.2
2026-05-27T22:00,30.6,57,0,100,53,81,91,22
2026-05-27T23:00,30,60,0,100,84,55,96,20.9
2026-05-28T00:00,29.8,60,0,100,100,37,100,19.8
2026-05-28T01:00,30.4,57,0,100,85,35,100,19.4
2026-05-28T02:00,31.4,52,0,100,53,40,100,19.9
2026-05-28T03:00,32.3,48,0,100,30,49,100,21.3
2026-05-28T04:00,32.9,46,0,99,25,62,90,24.2
2026-05-28T05:00,33.3,45,0,99,28,78,76,27.6
2026-05-28T06:00,33.9,44,0,97,31,89,61,29.3
2026-05-28T07:00,34.8,41,0,94,31,91,44,27.1
2026-05-28T08:00,35.8,38,0,90,31,87,27,23.4
2026-05-28T09:00,36.1,37,0,88,38,79,14,20.9
2026-05-28T10:00,35,40,0.1,91,57,63,7,22.9
2026-05-28T11:00,33.2,46,0.1,96,83,44,5,26.3
2026-05-28T12:00,31.7,51,0.1,100,100,35,8,24.3
2026-05-28T13:00,30.9,55,0,100,100,48,20,10.9
2026-05-28T14:00,30.4,60,0,100,95,72,38,9.2
2026-05-28T15:00,30,63,0,99,90,85,53,21.3
2026-05-28T16:00,29.7,65,0,99,92,78,63,21.3
2026-05-28T17:00,29.5,66,0,100,95,60,70,15.2
2026-05-28T18:00,29.4,66,0,100,91,43,76,11.3
2026-05-28T19:00,29.3,63,0,98,73,29,81,13.6
2026-05-28T20:00,29.2,59,0,95,48,16,84,20.3
2026-05-28T21:00,29.2,56,0,94,27,7,88,25.7
2026-05-28T22:00,29,55,0,95,14,3,92,27.1
2026-05-28T23:00,28.9,56,0,98,6,2,97,26.2
